<?xml version="1.0" encoding="utf-8"?>

<!--
This file is part of "Jpeg Quality" project and subject to the terms
and conditions defined in file "LICENSE.txt", which is part of this source
code package and also available on the project page: https://git.io/JUOJI.

-->

<modification>
	<name>[underr] Image Quality</name>
	<code>image-quality</code>
	<version>1.0</version>
	<author>Andrii Burkatskyi aka underr</author>
	<link>https://git.io/JUOJI</link>

    <file path="system/library/image.php" error="skip">
        <!-- <operation error="skip">
            <search><![CDATA[public function save($file, $quality = 90) {]]></search>
            <add position="replace"><![CDATA[public function save($file) {]]></add>
        </operation> -->
        <operation error="skip">
            <search><![CDATA[imagejpeg($this->image, $file, $quality)]]></search>
            <add position="replace"><![CDATA[imagejpeg($this->image, $file, 100)]]></add>
        </operation>

    </file>

</modification>
